model,part_code,sticker,url
WM75-H678ES5:NOIDA,0030518534,Heatering Working Procedure Label,https://share.haierindia.com/index.php/s/rMz89hrxNINXwNA
HWM70-H826S5:NOIDA,0030518534,Heatering Working Procedure Label,https://share.haierindia.com/index.php/s/rMz89hrxNINXwNA
HWM75-H826S6:NOIDA,0030518534,Heatering Working Procedure Label,https://share.haierindia.com/index.php/s/rMz89hrxNINXwNA
HWM80-H826S6:NOIDA,0030518534,Heatering Working Procedure Label,https://share.haierindia.com/index.php/s/rMz89hrxNINXwNA
HWM80-H678ES8:NOIDA,0030518534,Heatering Working Procedure Label,https://share.haierindia.com/index.php/s/rMz89hrxNINXwNA
HWM90-H678ES8:NOIDA,0030518534,Heatering Working Procedure Label,https://share.haierindia.com/index.php/s/rMz89hrxNINXwNA
HWM90-H688BK:NOIDA,0030518534,Heatering Working Procedure Label,https://share.haierindia.com/index.php/s/rMz89hrxNINXwNA
HWM75-H688S8:NOIDA,0030518534,Heatering Working Procedure Label,https://share.haierindia.com/index.php/s/rMz89hrxNINXwNA
HWM80-H688BK:NOIDA,0030518534,Heatering Working Procedure Label,https://share.haierindia.com/index.php/s/rMz89hrxNINXwNA
ETL110-HC8S8:NOIDA,0030518534,Heatering Working Procedure Label,https://share.haierindia.com/index.php/s/rMz89hrxNINXwNA
ETL80-HC5S8:NOIDA,0030518534,Heatering Working Procedure Label,https://share.haierindia.com/index.php/s/rMz89hrxNINXwNA
HWM90-HT9BK:NOIDA,0030518534,Heatering Working Procedure Label,https://share.haierindia.com/index.php/s/rMz89hrxNINXwNA
HWM110-H688BK:NOIDA,0030518534,Heatering Working Procedure Label,https://share.haierindia.com/index.php/s/rMz89hrxNINXwNA
HWM105-H688BK:NOIDA,0030518534,Heatering Working Procedure Label,https://share.haierindia.com/index.php/s/rMz89hrxNINXwNA
HWM110-HT9BK:NOIDA,0030518534,Heatering Working Procedure Label,https://share.haierindia.com/index.php/s/rMz89hrxNINXwNA
HWM100-H326BK:NOIDA,0030521765,Heater Working Label,https://share.haierindia.com/index.php/s/eufPJyDWLF1M15x
HWM85-H326BK:NOIDA,0030521765,Heater Working Label,https://share.haierindia.com/index.php/s/eufPJyDWLF1M15x
HWM75-T5BK:NOIDA,0030522618,Heater Working Label,https://share.haierindia.com/index.php/s/2La4QiAjggsZOw8
HWM80-HT5BK:NOIDA,0030522618,Heater Working Label,https://share.haierindia.com/index.php/s/2La4QiAjggsZOw8
HWM80-H320BK:NOIDA,0030522618,Heater Working Label,https://share.haierindia.com/index.php/s/2La4QiAjggsZOw8
T11 Series,0030523169,Heater Working Label,https://share.haierindia.com/index.php/s/WgVFjBOvNHGQXVV
